﻿<Event ID="Valentines Event" Active="14 Feb 2006 - 16 Feb 2008">
	<Droplist>
      <AllDrop Items="4209" Count="0,5" Chance="0.2%" />
   </Droplist>
   <Droplist> 
      <AllDrop Items="4210" Count="0,5" Chance="0.2%" />
   </Droplist>
   <Droplist> 
      <AllDrop Items="4211" Count="0,5" Chance="0.2%" />
   </Droplist>
   <Droplist> 
      <AllDrop Items="4212" Count="0,5" Chance="0.2%" />
   </Droplist>
   <Droplist> 
      <AllDrop Items="4213" Count="0,5" Chance="0.2%" />
   </Droplist>
   <Droplist> 
      <AllDrop Items="4214" Count="0,5" Chance="0.2%" />
   </Droplist>
   <Droplist> 
      <AllDrop Items="4215" Count="0,5" Chance="0.2%" />
   </Droplist>
   <Droplist> 
      <AllDrop Items="4216" Count="0,5" Chance="0.2%" />
   </Droplist>
   <Droplist> 
      <AllDrop Items="4217" Count="0,5" Chance="0.2%" />
	</Droplist>
		<Message 
		Type="OnJoin"
		Msg="Эвент Валентина: Соберите все 9 частей Сердец, чтобы получить награду! Шанс выпадения всех квестовых вещей есть у каждого монстра.">
	</Message>
    	<EventEnd>
		<Take From="AllPlayers">
			<Item ItemID="4209-4217"></Item>
		</Take>
	</EventEnd>
</Event>