﻿<Event ID="L2 Day Event" Active="24 Dec 2005-26 Dec 2008"> 
   <Droplist> 
      <AllDrop Items="3875" Count="1,2" Chance="0.2%"/> 
   </Droplist> 
   <Droplist> 
      <AllDrop Items="3876" Count="1,2" Chance="0.2%"/> 
   </Droplist> 
   <Droplist> 
      <AllDrop Items="3877" Count="1,2" Chance="0.2%"/> 
   </Droplist> 
   <Droplist> 
      <AllDrop Items="3878" Count="1,2" Chance="0.2%"/> 
   </Droplist> 
   <Droplist> 
      <AllDrop Items="3879" Count="1,2" Chance="0.2%"/> 
   </Droplist> 
   <Droplist> 
      <AllDrop Items="3880" Count="1,2" Chance="0.1%"/> 
   </Droplist> 
   <Droplist> 
      <AllDrop Items="3881" Count="1,2" Chance="0.1%"/> 
   </Droplist> 
   <Droplist> 
      <AllDrop Items="3882" Count="1,2" Chance="0.1%"/> 
   </Droplist> 
   <Droplist> 
      <AllDrop Items="3883" Count="1,2" Chance="0.1%"/> 
   </Droplist> 
   <Droplist> 
      <AllDrop Items="3884" Count="1,2" Chance="0.1%"/> 
   </Droplist> 
   <Droplist> 
      <AllDrop Items="3885" Count="1,2" Chance="0.1%"/> 
   </Droplist> 
   <Droplist> 
      <AllDrop Items="3886" Count="1,2" Chance="0.1%"/> 
   </Droplist> 
   <Droplist> 
      <AllDrop Items="3887" Count="1,2" Chance="0.1%"/> 
   </Droplist> 
   <Droplist> 
      <AllDrop Items="3888" Count="1,2" Chance="0.1%"/> 
   </Droplist> 
   <Message Type="OnJoin" Msg="Эвент L2Day: Собирайте и обменивайте буквы, составляя слова, на L2Day свитки. Подробности у Event Manager." /> 
   <EventEnd> 
      <Take From="AllPlayers"> 
           <Item ItemID="3875-3888"></Item>
        </Take> 
     </EventEnd> 
</Event>